Image_Name,ID,Count
103440_YY-ART_1569010_t0_nan_MGG,103440,1970
111435_111435_t0_nan_MGG,111435,5302
111878_111878_18-39692_18-39692_MGG,111878,3688
1128767_1128767_19-11301_19-11301_MGG,1128767,1541
1144687_YY-ART_1374292_17-29418_17-29418_MGG,1144687,3683
114850_114850_19-13625_19-13625_MGG,114850,599
115708_115708_16-11476_16-11476_MGG,115708,2595
1161187_1161187_18-23554_18-23554_MGG,1161187,9355
11717_11717_17-35082_17-35082_MGG,11717,4139
123997_123997_t0_nan_MGG,123997,1615
13106895_YY-ART_376002_t0_nan_MGG,13106895,8031
137140_137140_t2_nan_MGG,137140,1832
1392543_1392543_20-17554_20-17554_MGG,1392543,3090
1414537_YY-ART_90446_19-17088_19-17088_MGG,1414537,731
1418061_YY-ART_122595_15-18222_15-18222_MGG,1418061,1470
1418151_YY-ART_44787_16-10182_16-10182_MGG,1418151,294
142782_142782_16-27744_16-27744_MGG,142782,9771
1428187_1428187_20-6730_20-6730_MGG,1428187,6612
1443593_1443593_16-34842_16-34842_MGG,1443593,4058
1443902_1443902_18-28589_18-28589_MGG,1443902,8104
146480_146480_16-27767_16-27767_MGG,146480,7837
146504_146504_20-21553_20-21553_MGG,146504,2722
1466559_1466559_t0_nan_MGG,1466559,2876
1484_1484_19-36328_19-36328_MGG,1484,4207
1487180_1487180_18-25013_18-25013_MGG,1487180,7922
1490244_YY-ART_5192185_19-35954_19-35954_MGG,1490244,3333
149069_149069_t0_nan_MGG,149069,527
1494790_YY-ART_1439486_t5_nan_MGG,1494790,914
1501188_YY-ART_5149066_20-14817_20-14817_MGG,1501188,2680
1502873_1502873_20-17492_20-17492_MGG,1502873,4313
1504203_1504203_20-25311_20-25311_MGG,1504203,2099
1505177_1505177_19-5952_19-5952_MGG,1505177,752
1517225_YY-ART_1948208_18-44113_18-44113_MGG,1517225,12221
1525551_YY-ART_1568741_19-12579_19-12579_MGG,1525551,1976
152577_152577_18-42751_18-42751_MGG,152577,7104
1542030_YY-ART_5237566_t0_nan_MGG,1542030,5359
1549948_YY-ART_1912216_t0_nan_MGG,1549948,2285
1557176_1557176_16-23705_16-23705_MGG,1557176,1576
1582317_1582317_t0_nan_MGG,1582317,16324
1587240_1587240_20-4633_20-4633_MGG,1587240,5801
1587990_YY-ART_5089511_t0_nan_MGG,1587990,8800
15978_YY-ART_84439_16-9894_16-9894_MGG,15978,1879
1608136_1608136_20-12312_20-12312_MGG,1608136,5576
1620529_1620529_t1_nan_MGG,1620529,1055
16239_YY-ART_1622713_18-39710_18-39710_MGG,16239,975
1624409_1624409_19-20479_19-20479_MGG,1624409,6729
1631890_1631890_20-12736_20-12736_MGG,1631890,6113
1632645_1632645_19-35420_19-35420_MGG,1632645,3289
1653695_YY-ART_209451_t4_nan_MGG,1653695,973
1654323_YY-ART_5156108_19-17089_19-17089_MGG,1654323,701
1656603_1656603_17-33679_17-33679_MGG,1656603,4372
165857_YY-ART_431130_17-26072_17-26072_MGG,165857,2821
16642_16642_t0_nan_MGG,16642,1256
1679057_YY-ART_1583014_20-22168_20-22168_MGG,1679057,2082
1679238_1679238_t4_nan_MGG,1679238,3040
1686133_YY-ART_395203_17-8473_17-8473_MGG,1686133,2860
168887_168887_t0_nan_MGG,168887,3910
1694571_YY-ART_5060038_t0_nan_MGG,1694571,5686
1696245_YY-ART_5232648_t0_nan_MGG,1696245,5249
1709641_1709641_t0_nan_MGG,1709641,1355
171054_171054_16-21245_16-21245_MGG,171054,1574
1714115_1714115_t0_nan_MGG,1714115,1437
1722746_1722746_15-4831_15-4831_MGG,1722746,2280
1735509_1735509_t0_nan_MGG,1735509,3603
1746431_1746431_t0_nan_MGG,1746431,756
1753281_1753281_t3_nan_MGG,1753281,1328
1764597_1764597_19-42464_19-42464_MGG,1764597,4509
1780511_1780511_t0_nan_MGG,1780511,2745
1788011_1788011_16-8755_16-8755_MGG,1788011,2189
1794085_YY-ART_216668_20-3487_20-3487_MGG,1794085,5123
1801714_YY-ART_260618_t3_nan_MGG,1801714,2072
18047758_YY-ART_420075_16-18727_16-18727_MGG,18047758,158
1815613_1815613_16-14390_16-14390_MGG,1815613,1309
1817377_1817377_16-17280_16-17280_MGG,1817377,2095
181885_YY-ART_1360758_15-15537_15-15537_MGG,181885,1708
1820744_1820744_17-8706_17-8706_MGG,1820744,2908
1827083_1827083_16-20137_16-20137_MGG,1827083,1511
1827619_1827619_t0_nan_MGG,1827619,2252
1828466_1828466_16-28888_16-28888_MGG,1828466,4815
1829403_YY-ART_1938331_t5_nan_MGG,1829403,701
1832337_1832337_16-22141_16-22141_MGG,1832337,1516
1832508_1832508_t0_nan_MGG,1832508,838
1832979_1832979_18-3852_18-3852_MGG,1832979,3057
1837998_1837998_17-17894_17-17894_MGG,1837998,2201
1838771_YY-ART_1741662_16-25075_16-25075_MGG,1838771,683
1839239_1839239_t0_nan_MGG,1839239,2952
1846658_1846658_t0_nan_MGG,1846658,3449
1851894_1851894_t1_nan_MGG,1851894,1874
1852575_1852575_19-32108_19-32108_MGG,1852575,6819
1852575_YY-ART_1528599_18-47482_18-47482_MGG,1852575,406
186539_YY-ART_1955960_19-5309_19-5309_MGG,186539,5172
1866443_1866443_19-47383_19-47383_MGG,1866443,5975
1866652_1866652_17-4262_17-4262_MGG,1866652,1405
1870390_1870390_t0_nan_MGG,1870390,3376
1878398_YY-ART_5102257_t4_nan_MGG,1878398,5116
1881584_YY-ART_555711_19-6791_19-6791_MGG,1881584,1249
1897251_1897251_t0_nan_MGG,1897251,3704
1899884_1899884_t0_nan_MGG,1899884,5346
1902580_1902580_t0_nan_MGG,1902580,2093
1910690_YY-ART_1920337_t0_nan_MGG-061,1910690,26787
1913143_1913143_t1_nan_MGG,1913143,3549
1914642_1914642_20-40255_20-40255_MGG-018,1914642,17678
1917241_1917241_19-23707_19-23707_MGG,1917241,3145
1920432_1920432_t1_nan_MGG,1920432,5608
1921194_1921194_t0_nan_MGG,1921194,1740
1924450_1924450_t0_nan_MGG,1924450,3675
1940338_1940338_19-43810_19-43810_MGG,1940338,7482
1940731_1940731_t0_nan_MGG,1940731,1099
1944628_1944628_18-39447_18-39447_MGG,1944628,6864
194521_194521_15-9512_15-9512_MGG,194521,3129
1953250_1953250_19-2731_19-2731_MGG,1953250,2811
1976049_1976049_19-31755_19-31755_MGG,1976049,2781
1984604_YY-ART_5006717_17-27054_17-27054_MGG,1984604,4381
1988559_1988559_20-8880_20-8880_MGG,1988559,2202
1995474_1995474_t1_nan_MGG,1995474,10095
1996027_1996027_20-8019_20-8019_MGG,1996027,3755
1997988_1997988_20-11770_20-11770_MGG,1997988,2677
2004615_2004615_20-22908_20-22908_MGG,2004615,960
2006050_2006050_t0_nan_MGG,2006050,3225
2020032_YY-ART_1788189_t0_nan_MGG,2020032,1233
2020648_YY-ART_1780719_15-31474_15-31474_MGG,2020648,2058
2022333_YY-ART_1739433_t0_nan_MGG,2022333,1099
2022333_YY-ART_346502_t0_nan_MGG,2022333,1868
2023256_YY-ART_1922054_t0_nan_MGG,2023256,2822
2023748_YY-ART_1867730_t0_nan_MGG,2023748,2529
203377_203377_17-8569_17-8569_MGG,203377,2338
206598_206598_19-45933_19-45933_MGG,206598,4972
208519_208519_19-29724_19-29724_MGG,208519,3479
21182_21182_16-31565_16-31565_MGG,21182,8328
2121658_YY-ART_1895487_t0_nan_MGG,2121658,483
214164_214164_19-45817_19-45817_MGG,214164,4881
227501_227501_t0_nan_MGG,227501,5439
231174_231174_t0_nan_MGG,231174,4869
232087_232087_t1_nan_MGG,232087,5161
236372_236372_19-27580_19-27580_MGG,236372,3695
242710_242710_17-9756_17-9756_MGG,242710,1137
248885_248885_17-30463_17-30463_MGG,248885,4531
25240_25240_20-6786_20-6786_MGG,25240,2243
2531_2531_t0_nan_MGG,2531,6427
254899_254899_t0_nan_MGG,254899,5280
26621_26621_t0_nan_MGG,26621,2318
270193_270193_18-35561_18-35561_MGG,270193,516
278623_278623_19-36120_19-36120_MGG,278623,6535
2794_2794_17-27753_17-27753_MGG,2794,7916
281766_281766_t1_nan_MGG,281766,3946
283719_YY-ART_140133_20-17261_20-17261_MGG,283719,2403
285902_285902_17-33131_17-33131_MGG,285902,4857
30542_30542_16-31743_16-31743_MGG,30542,4567
314138_314138_20-27426_20-27426_MGG,314138,1872
324995_324995_20-31851_20-31851_MGG,324995,2723
32718_32718_20-23318_20-23318_MGG,32718,5619
346788_YY-ART_5051241_18-19829_18-19829_MGG-011,346788,35521
357977_357977_t0_nan_MGG,357977,4021
35953_YY-ART_1494142_20-3718_20-3718_MGG,35953,3710
362426_YY-ART_5091214_19-30966_19-30966_MGG,362426,7166
36764_36764_19-50474_19-50474_MGG,36764,7569
368178_368178_17-20520_17-20520_MGG,368178,2975
371217_371217_15-23115_15-23115_MGG,371217,1174
374220_374220_ 17-10695_ 17-10695_MGG,374220,2358
410265_YY-ART_5056310_t1_nan_MGG,410265,4125
456596_YY-ART_5240627_t0_nan_MGG,456596,5512
480522_480522_19-29966_19-29966_MGG,480522,2348
49084_YY-ART_75248_15-18826_15-18826_MGG,49084,870
5007674_5007674_t0_nan_MGG,5007674,431
491032_491032_17-38211_17-38211_MGG,491032,3415
49897_49897_19-41518_19-41518_MGG,49897,7036
5005084_5005084_17-28851_17-28851_MGG,5005084,3087
5006969_YY-ART_166862_t0_nan_MGG,5006969,6040
5007876_5007876_t0_nan_MGG,5007876,8031
5012795_5012795_17-15905_17-15905_MGG,5012795,2675
5016288_5016288_18-4837_18-4837_MGG,5016288,2964
5021375_5021375_19-38544_19-38544_MGG,5021375,6872
5027100_5027100_17-26043_17-26043_MGG,5027100,3796
5030076_5030076_20-9906_20-9906_MGG,5030076,3702
5031485_5031485_17-30284_17-30284_MGG,5031485,1807
5032640_YY-ART_1890971_17-17675_17-17675_MGG,5032640,2572
5034688_5034688_19-19232_19-19232_MGG,5034688,2813
5035644_5035644_17-32175_17-32175_MGG,5035644,5999
5036969_5036969_t0_nan_MGG,5036969,3957
5040218_5040218_17-41035_17-41035_MGG,5040218,4655
5042396_5042396_17-35246_17-35246_MGG,5042396,3398
504856_504856_18-31829_18-31829_MGG,504856,3252
5056093_YY-ART_1664407_t0_nan_MGG,5056093,2559
5057107_5057107_18-14973_18-14973_MGG,5057107,3838
5060832_5060832_18-27883_18-27883_MGG,5060832,3591
5061622_5061622_18-20909_18-20909_MGG,5061622,9589
5070869_5070869_18-27085_18-27085_MGG,5070869,11432
5070869_YY-ART_38711_t0_nan_MGG,5070869,4379
5074703_5074703_18-22123_18-22123_MGG,5074703,14156
5074992_5074992_t0_nan_MGG,5074992,10610
5078288_5078288_18-13970_18-13970_MGG,5078288,4363
5080201_5080201_18-26854_18-26854_MGG,5080201,6892
5083069_5083069_18-19830_18-19830_MGG,5083069,214
5086322_5086322_18-34316_18-34316_MGG,5086322,1870
5087156_YY-ART_335357_16-28574_16-28574_MGG,5087156,8123
5095313_5095313_18-33428_18-33428_MGG,5095313,4956
5097996_5097996_t0_nan_MGG,5097996,685
5101237_5101237_18-29788_18-29788_MGG,5101237,1105
5101382_5101382_18-33690_18-33690_MGG,5101382,978
5102129_5102129_19-47335_19-47335_MGG,5102129,5057
5102553_YY-ART_82950_t0_nan_MGG,5102553,470
5103328_5103328_19-25355_19-25355_MGG,5103328,646
5103839_5103839_18-32314_18-32314_MGG,5103839,723
5104608_5104608_18-32700_18-32700_MGG,5104608,1003
5106468_5106468_19-34321_19-34321_MGG,5106468,3310
5107773_5107773_18-39687_18-39687_MGG,5107773,3139
5110153_5110153_20-15745_20-15745_MGG,5110153,417
5110616_5110616_19-23533_19-23533_MGG,5110616,531
5111605_5111605_19-28870_19-28870_MGG,5111605,4634
5113213_YY-ART_1487025_t0_nan_MGG,5113213,1721
5113_5113_t0_nan_MGG,5113,3301
5116490_5116490_19-618_19-618_MGG,5116490,1099
51207_51207_20-17444_20-17444_MGG,51207,2209
51290_51290_20-10048_20-10048_MGG,51290,1797
5129340_5129340_19-9482_19-9482_MGG,5129340,741
5142990_5142990_19-13299_19-13299_MGG,5142990,2172
5145028_5145028_19-9384_19-9384_MGG,5145028,3493
5145460_5145460_19-47030_19-47030_MGG,5145460,7994
5147289_5147289_19-14433_19-14433_MGG,5147289,3807
5149652_5149652_t5_nan_MGG,5149652,4991
5156202_5156202_19-30653_19-30653_MGG,5156202,7567
5158125_5158125_19-18249_19-18249_MGG,5158125,990
5160059_5160059_19-21451_19-21451_MGG,5160059,1755
5168888_5168888_t1_nan_MGG,5168888,11020
5172706_5172706_19-29967_19-29967_MGG,5172706,3197
5178097_5178097_19-49680_19-49680_MGG,5178097,8644
5179216_5179216_t0_nan_MGG,5179216,6815
5180747_5180747_t0_nan_MGG,5180747,3728
5181741_5181741_20-14623_20-14623_MGG,5181741,3537
5182230_5182230_20-4857_20-4857_MGG,5182230,6164
5184332_5184332_19-31915_19-31915_MGG,5184332,6611
5184665_5184665_20-5223_20-5223_MGG,5184665,5336
5185975_5185975_19-31840_19-31840_MGG,5185975,3488
5186049_5186049_19-32281_19-32281_MGG,5186049,6462
5189003_5189003_t1_nan_MGG,5189003,5391
5193243_5193243_19-45479_19-45479_MGG,5193243,4512
5193573_5193573_19-37477_19-37477_MGG,5193573,7468
5196481_5196481_t0_nan_MGG,5196481,9250
5199408_5199408_19-45056_19-45056_MGG,5199408,4621
5202015_5202015_19-50663_19-50663_MGG,5202015,8418
5202968_5202968_19-42363_19-42363_MGG,5202968,5780
5205767_5205767_t0_nan_MGG,5205767,2647
5203017_YY-ART_5214913_20-5113_20-5113_MGG,5203017,5991
5205674_5205674_20-10953_20-10953_MGG,5205674,1504
5208757_5208757_20-15475_20-15475_MGG,5208757,2717
5210365_5210365_20-2341_20-2341_MGG,5210365,5666
5213037_5213037_t0_nan_MGG,5213037,6580
5213796_YY-ART_5253334_20-22096_20-22096_MGG,5213796,1583
5217078_5217078_19-49684_19-49684_MGG,5217078,8714
5219904_5219904_20-42_20-42_MGG,5219904,4828
5221626_5221626_20-1543_20-1543_MGG,5221626,1263
5222372_5222372_20-2519_20-2519_MGG,5222372,3540
5223623_5223623_20-6992_20-6992_MGG,5223623,1315
5224722_5224722_20-5743_20-5743_MGG,5224722,8774
5225728_5225728_20-4264_20-4264_MGG,5225728,7856
5227773_5227773_20-4492_20-4492_MGG,5227773,1231
5238109_5238109_t0_nan_MGG,5238109,2547
524219_YY-ART_97474_18-755_18-755_MGG,524219,7267
5244541_5244541_20-14497_20-14497_MGG,5244541,4620
5245421_YY-ART_5011487_17-31366_17-31366_MGG,5245421,2230
5246178_5246178_t0_nan_MGG,5246178,2101
5249238_5249238_20-19117_20-19117_MGG,5249238,491
5252082_5252082_20-16670_20-16670_MGG,5252082,450
5256830_5256830_20-20428_20-20428_MGG,5256830,2210
5283465_5283465_20-29005_20-29005_MGG,5283465,1586
529164_529164_t1_nan_MGG,529164,868
5299703_5299703_20-35494_20-35494_MGG,5299703,9929
5304244_5304244_20-37201_20-37201_MGG,5304244,11240
5307886_5307886_20-37380_20-37380_MGG,5307886,14714
5310813_YY-ART_5034245_17-33134_17-33134_MGG,5310813,6798
5318469_YY-ART_5129321_19-3879_19-3879_MGG,5318469,195
5341246_YY-ART_141840_15-9513_15-9513_MGG,5341246,1610
5352392_YY-ART_1825903_20-14533_20-14533_MGG,5352392,363
5359594_YY-ART_1800528_16-7614_16-7614_MGG,5359594,2744
5359595_YY-ART_5037997_t0_nan_MGG,5359595,6510
5371877_YY-ART_5209017_19-49645_19-49645_MGG,5371877,2928
5373126_YY-ART_5205167_19-47207_19-47207_MGG,5373126,7924
5375576_YY-ART_1363731_t0_nan_MGG,5375576,1408
5386177_YY-ART_31372_20-38665_20-38665_MGG-049,5386177,10373
5388228_YY-ART_5067212_t1_nan_MGG,5388228,1258
5392800_YY-ART_5203180_19-40733_19-40733_MGG,5392800,10216
5406659_YY-ART_5293999_20-32916_20-32916_MGG,5406659,2154
5406693_YY-ART_1967445_t0_nan_MGG,5406693,4609
5407873_YY-ART_1566964_15-11466_15-11466_MGG,5407873,1720
5408853_YY-ART_10901_t1_nan_MGG,5408853,7304
54184_54184_t0_nan_MGG,54184,2178
5419427_YY-ART_1374625_t0_nan_MGG,5419427,2697
5419790_YY-ART_6984_16-19257_16-19257_MGG,5419790,2455
5436550_YY-ART_6971_t0_nan_MGG,5436550,8248
5437912_YY-ART_81510_17-26821_17-26821_MGG,5437912,4500
5447278_YY-ART_5034148_18-9233_18-9233_MGG,5447278,2292
5449588_YY-ART_58581_t0_nan_MGG,5449588,2616
5456985_YY-ART_15231_19-15033_19-15033_MGG,5456985,1822
5465474_YY-ART_1836587_t0_nan_MGG,5465474,3322
5472213_YY-ART_1642827_19-11108_19-11108_MGG,5472213,965
5475641_YY-ART_162467_t0_nan_MGG,5475641,1283
5481579_YY-ART_9039574_20-2372_20-2372_MGG,5481579,1960
549584_549584_19-43462_19-43462_MGG,549584,6393
5496052_YY-ART_1925237_t0_nan_MGG,5496052,4876
5528519_YY-ART_1959487_19-10043_19-10043_MGG,5528519,2281
5536916_YY-ART_1756979_t0_nan_MGG,5536916,2001
55380_55380_17-21477_17-21477_MGG,55380,1515
5550026_YY-ART_340911_t1_nan_MGG,5550026,9596
5550075_YY-ART_37241_t0_nan_MGG,5550075,2805
5555863_YY-ART_1950905_t0_nan_MGG,5555863,2835
566543_566543_18-27841_18-27841_MGG,566543,12616
577055_577055_20-8759_20-8759_MGG,577055,5214
583702_583702_16-11084_16-11084_MGG,583702,1115
586168_YY-ART_356199_t0_nan_MGG,586168,5230
59937_59937_t0_nan_MGG,59937,2418
622597_YY-ART_48383_t1_nan_MGG,622597,7361
62402_62402_20-7077_20-7077_MGG,62402,7162
631599_631599_t0_nan_MGG,631599,6751
632324_YY-ART_47394_16-11509_16-11509_MGG,632324,1067
637346_637346_18-27643_18-27643_MGG,637346,7560
68594_68594_18-41661_18-41661_MGG,68594,4486
812567_YY-ART_5156573_19-17996_19-17996_MGG,812567,3398
81828_81828_t4_nan_MGG,81828,21578
81839_81839_17-27417_17-27417_MGG,81839,6860
84000_YY-ART_1853197_t0_nan_MGG,84000,2059
85139_85139_t0_nan_MGG,85139,837
88450_88450_20-17443_20-17443_MGG,88450,1270
9039577_YY-ART_1450797_17-387_17-387_MGG,9039577,581
9053784_9053784_20-23760_20-23760_MGG,9053784,2404
97068_97068_16-26121_16-26121_MGG,97068,442
9863077_9863077_20-36382_20-36382_MGG,9863077,1635
102669_102669_20-39915_20-39915_HE,102669,2560
102669_102669_20-39915_20-39915_HE 2,102669,2098
102669_102669_20-39915_20-39915_HE 3,102669,1448
111878_111878_18-39692_18-39692_HE_2,111878,2989
111878_111878_18-39692_18-39692_HE_3,111878,2781
1128767_1128767_19-11301_19-11301_HE,1128767,2918
1144687_YY-ART_1374292_17-29418_17-29418_HE,1144687,1993
1144687_YY-ART_1374292_17-29418_17-29418_HE_2,1144687,2541
1144687_YY-ART_1374292_17-29418_17-29418_HE_3,1144687,2842
1144687_YY-ART_1374292_17-29418_17-29418_HE_4,1144687,2534
114850_114850_19-13625_19-13625_HE,114850,1880
114850_114850_19-13625_19-13625_HE_2,114850,1602
114850_114850_19-13625_19-13625_HE_3,114850,1776
115708_115708_16-11476_16-11476_HE,115708,1083
1161187_1161187_18-23554_18-23554_HE,1161187,274
11717_11717_17-35082_17-35082_HE_2,11717,1931
11717_11717_17-35082_17-35082_HE_3,11717,2223
1223647_1223647_17-25243_17-25243_HE,1223647,876
1359551_1359551_19-3826_19-3826_HE_2,1359551,1793
1378228_1378228_19-2665_19-2665_HE,1378228,844
1392543_1392543_20-17554_20-17554_HE,1392543,1626
1414537_YY-ART_90446_19-17088_19-17088_HE,1414537,1350
1418061_YY-ART_122595_15-18222_15-18222_HE,1418061,1091
1418151_YY-ART_44787_16-10182_16-10182_HE,1418151,1306
1418151_YY-ART_44787_16-10182_16-10182_HE_2,1418151,959
142782_142782_16-27744_16-27744_HE,142782,4036
142782_142782_16-27744_16-27744_HE_2,142782,4999
142782_142782_16-27744_16-27744_HE_3,142782,4181
1428187_1428187_20-6730_20-6730_HE,1428187,319
1428187_1428187_20-6730_20-6730_HE_2,1428187,455
1428187_1428187_20-6730_20-6730_HE_3,1428187,456
1443593_1443593_16-34842_16-34842_HE,1443593,2878
1443593_1443593_16-34842_16-34842_HE_3,1443593,3639
1443902_1443902_18-28589_18-28589_HE,1443902,1274
146480_146480_16-27767_16-27767_HE,146480,2117
146480_146480_16-27767_16-27767_HE_2,146480,1464
146480_146480_16-27767_16-27767_HE_3,146480,1903
146504_146504_20-21553_20-21553_HE,146504,1137
1469819_YY-ART_1415375_19-8146_19-8146_HE_2,1469819,1197
1469819_YY-ART_1415375_19-8146_19-8146_HE_3,1469819,1368
1484_1484_19-36328_19-36328_HE,1484,1777
1484_1484_19-36328_19-36328_HE_2,1484,1178
1484_1484_19-36328_19-36328_HE_3,1484,1970
1484_1484_19-36328_19-36328_HE_4,1484,1510
1487012_1487012_18-11068_18-11068_HE,1487012,3011
1487180_1487180_18-25013_18-25013_HE,1487180,823
1490244_YY-ART_5192185_19-35954_19-35954_HE,1490244,1554
1502873_1502873_20-17492_20-17492_HE,1502873,1466
1504203_1504203_20-25311_20-25311_HE,1504203,967
1504203_1504203_20-25311_20-25311_HE_2,1504203,552
1505177_1505177_19-5952_19-5952_HE_2,1505177,669
1517225_YY-ART_1948208_18-44113_18-44113_HE_2,1517225,4314
1525551_YY-ART_1568741_19-12579_19-12579_HE,1525551,2809
1525551_YY-ART_1568741_19-12579_19-12579_HE_2,1525551,2372
152577_152577_18-42751_18-42751_HE,152577,334
1530497_YY-ART_1981421_19-38714_19-38714_HE,1530497,423
1557176_1557176_16-23705_16-23705_HE,1557176,1000
1557176_1557176_16-23705_16-23705_HE_2,1557176,1540
1557176_1557176_16-23705_16-23705_HE_3,1557176,1084
1557176_1557176_16-23705_16-23705_HE_4,1557176,1546
1570455_YY-ART_5338828_21-8353_21-8353_HE,1570455,4166
1570455_YY-ART_5338828_21-8353_21-8353_HE 2,1570455,4186
1587240_1587240_20-4633_20-4633_HE,1587240,2893
1587240_1587240_20-4633_20-4633_HE_2,1587240,3233
1587240_1587240_20-4633_20-4633_HE_3,1587240,2999
1604817_1604817_18-39840_18-39840_HE,1604817,631
1608136_1608136_20-12312_20-12312_HE,1608136,2551
1613306_YY-ART_157086_15-16004_15-16004_HE,1613306,532
161664_161664_18-26685_18-26685_HE,161664,3685
1622752_1622752_20-30747_20-30747_HE,1622752,1062
1622752_1622752_20-30747_20-30747_HE_2,1622752,1134
1622752_1622752_20-30747_20-30747_HE_3,1622752,774
1624409_1624409_19-20479_19-20479_HE,1624409,2372
1627687_YY-ART_5203082_19-41781_19-41781_HE,1627687,3563
1631890_1631890_20-12736_20-12736_HE,1631890,1672
1632645_1632645_19-35420_19-35420_HE,1632645,2429
1632645_1632645_19-35420_19-35420_HE_3,1632645,2798
1654323_YY-ART_5156108_19-17089_19-17089_HE,1654323,1832
1656603_1656603_17-33679_17-33679_HE,1656603,879
165857_YY-ART_431130_17-26072_17-26072_HE,165857,2307
165857_YY-ART_431130_17-26072_17-26072_HE_2,165857,2348
165857_YY-ART_431130_17-26072_17-26072_HE_3,165857,2568
1660282_1660282_14-10709_14-10709_HE,1660282,1883
1679057_YY-ART_1583014_20-22168_20-22168_HE,1679057,1370
1679057_YY-ART_1583014_20-22168_20-22168_HE_2,1679057,1841
1679057_YY-ART_1583014_20-22168_20-22168_HE_3,1679057,1699
1686133_YY-ART_395203_17-8473_17-8473_HE,1686133,1797
1705921_YY-ART_1836126_20-34324_20-34324_HE,1705921,1097
1705921_YY-ART_1836126_20-34324_20-34324_HE_2,1705921,1420
171054_171054_16-21245_16-21245_HE,171054,2679
1722746_1722746_15-4831_15-4831_HE,1722746,1455
1722746_1722746_15-4831_15-4831_HE_3,1722746,1591
1739178_1739178_15-12495_15-12495_HE,1739178,2898
1739178_1739178_15-12495_15-12495_HE_2,1739178,2710
1759722_1759722_16-27743_16-27743_HE,1759722,1045
1759722_1759722_16-27743_16-27743_HE_2,1759722,1250
1764597_1764597_19-42464_19-42464_HE,1764597,533
1788011_1788011_16-8755_16-8755_HE,1788011,1408
1788011_1788011_16-8755_16-8755_HE_2,1788011,1450
1788950_1788950_17-18675_17-18675_HE,1788950,457
1794085_YY-ART_216668_20-3487_20-3487_HE,1794085,1430
1794085_YY-ART_216668_20-3487_20-3487_HE_2,1794085,1735
18047758_YY-ART_420075_16-18727_16-18727_HE,18047758,941
1815613_1815613_16-14390_16-14390_HE,1815613,736
1815613_1815613_16-14390_16-14390_HE_2,1815613,1476
1815613_1815613_16-14390_16-14390_HE_3,1815613,1190
1817377_1817377_16-17280_16-17280_HE,1817377,1720
1817377_1817377_16-17280_16-17280_HE_2,1817377,1458
181885_YY-ART_1360758_15-15537_15-15537_HE,181885,2531
1820744_1820744_16-31769_16-31769_HE,1820744,3062
1820744_1820744_16-31769_16-31769_HE_2,1820744,3096
1820744_1820744_16-31769_16-31769_HE_3,1820744,3362
1827083_1827083_16-20137_16-20137_HE,1827083,3254
1827083_1827083_16-20137_16-20137_HE_2,1827083,3520
1828466_1828466_16-28888_16-28888_HE,1828466,1620
1831705_1831705_16-21900_16-21900_HE,1831705,4150
1831705_1831705_16-21900_16-21900_HE_2,1831705,3587
1832337_1832337_16-22141_16-22141_HE,1832337,2543
1832979_1832979_18-3852_18-3852_HE_2,1832979,2469
1832979_1832979_18-3852_18-3852_HE_3,1832979,2494
1837998_1837998_17-17894_17-17894_HE,1837998,456
1837998_1837998_17-17894_17-17894_HE_2,1837998,718
1837998_1837998_17-17894_17-17894_HE_3,1837998,740
1852575_1852575_17-42358_17-42358_HE,1852575,2164
1852575_1852575_17-42358_17-42358_HE_2,1852575,2701
1852575_1852575_17-42358_17-42358_HE_3,1852575,2337
1852575_1852575_19-32108_19-32108_HE,1852575,563
1852575_1852575_19-32108_19-32108_HE_2,1852575,573
1852575_YY-ART_1528599_18-47482_18-47482_HE,1852575,390
186539_YY-ART_1955960_19-5309_19-5309_HE,186539,887
1866443_1866443_19-47383_19-47383_HE_2,1866443,746
1866443_1866443_19-47383_19-47383_HE_3,1866443,905
1866652_1866652_17-4262_17-4262_HE,1866652,2119
1866652_1866652_17-4262_17-4262_HE_2,1866652,1816
1881584_YY-ART_555711_19-6791_19-6791_HE,1881584,1239
1881584_YY-ART_555711_19-6791_19-6791_HE_2,1881584,1174
1881584_YY-ART_555711_19-6791_19-6791_HE_3,1881584,2022
190062_YY-ART_2009167_20-29006_20-29006_HE,190062,3360
190062_YY-ART_2009167_20-29006_20-29006_HE_2,190062,2739
1914642_1914642_20-40255_20-40255_HE_2,1914642,1744
1914642_1914642_20-40255_20-40255_HE_3,1914642,2052
1917241_1917241_19-23707_19-23707_HE,1917241,1489
1940338_1940338_19-43810_19-43810_HE,1940338,1681
1944628_1944628_18-39447_18-39447_HE,1944628,787
194521_194521_15-9512_15-9512_HE,194521,424
1953250_1953250_19-2731_19-2731_HE,1953250,3186
1953250_1953250_19-2731_19-2731_HE_2,1953250,2742
1965029_1965029_19-17090_19-17090_HE,1965029,3637
1976049_1976049_19-31755_19-31755_HE,1976049,2175
1984604_YY-ART_5006717_17-27054_17-27054_HE,1984604,561
1984604_YY-ART_5006717_17-27054_17-27054_HE_2,1984604,2042
1984604_YY-ART_5006717_17-27054_17-27054_HE_3,1984604,2028
1988559_1988559_20-8880_20-8880_HE,1988559,2065
1994121_1994121_20-34595_20-34595_HE,1994121,2603
1996027_1996027_20-8019_20-8019_HE,1996027,5272
1996027_1996027_20-8019_20-8019_HE_3,1996027,2988
1997988_1997988_20-11770_20-11770_HE,1997988,3182
2000774_2000774_20-27118_20-27118_HE,2000774,2794
2004615_2004615_20-22908_20-22908_HE,2004615,1637
2018270_YY-ART_1511212_19-21651_19-21651_HE,2018270,1842
2020648_YY-ART_1780719_15-31474_15-31474_HE,2020648,1591
2020648_YY-ART_1780719_15-31474_15-31474_HE_3,2020648,1966
203377_203377_17-8569_17-8569_HE_2,203377,1055
203377_203377_17-8569_17-8569_HE_3,203377,1093
206598_206598_19-45933_19-45933_HE,206598,2722
206598_206598_19-45933_19-45933_HE_2,206598,3062
206598_206598_19-45933_19-45933_HE_3,206598,3172
208519_208519_19-29724_19-29724_HE,208519,1579
21182_21182_16-31565_16-31565_HE,21182,1121
21182_21182_16-31565_16-31565_HE_2,21182,1105
214164_214164_19-45817_19-45817_HE,214164,2522
214164_214164_19-45817_19-45817_HE_2,214164,1149
214164_214164_19-45817_19-45817_HE_3,214164,1531
220707_220707_17-37548_17-37548_HE,220707,315
220707_220707_17-37548_17-37548_HE_2,220707,188
232638_YY-ART_1496412_18-556_18-556_HE_2,232638,1094
232638_YY-ART_1496412_18-556_18-556_HE_3,232638,1042
236372_236372_19-27580_19-27580_HE,236372,1081
242710_242710_17-9756_17-9756_HE,242710,3927
242710_242710_17-9756_17-9756_HE_2,242710,3622
242710_242710_17-9756_17-9756_HE_3,242710,4380
242722_242722_17-40882_17-40882_HE,242722,1387
242722_242722_17-40882_17-40882_HE_2,242722,1937
248885_248885_17-30463_17-30463_HE,248885,2071
248885_248885_17-30463_17-30463_HE_2,248885,2362
248885_248885_17-30463_17-30463_HE_3,248885,2279
25240_25240_20-6786_20-6786_HE,25240,879
270193_270193_18-35561_18-35561_HE_2,270193,2909
270193_270193_18-35561_18-35561_HE_3,270193,2332
276767_YY-ART_1897578_17-36234_17-36234_HE,276767,559
276767_YY-ART_1897578_17-36234_17-36234_HE_2,276767,742
278623_278623_19-36120_19-36120_HE_2,278623,1741
2794_2794_17-27753_17-27753_HE,2794,1207
2794_2794_17-27753_17-27753_HE_2,2794,1357
2794_2794_17-27753_17-27753_HE_3,2794,1598
283719_YY-ART_140133_20-17261_20-17261_HE_2,283719,2281
283719_YY-ART_140133_20-17261_20-17261_HE_3,283719,2234
285902_285902_17-33131_17-33131_HE,285902,1086
285902_285902_17-33131_17-33131_HE_2,285902,1235
285902_285902_17-33131_17-33131_HE_3,285902,1226
285902_285902_17-33131_17-33131_HE_4,285902,1153
296194_296194_12-18210_12-18210_HE,296194,1757
30542_30542_16-31743_16-31743_HE,30542,1020
30542_30542_16-31743_16-31743_HE_2,30542,925
314138_314138_20-27426_20-27426_HE,314138,1674
314138_314138_20-27426_20-27426_HE_2,314138,1926
324995_324995_20-31851_20-31851_HE,324995,1538
324995_324995_20-31851_20-31851_HE_2,324995,1649
324995_324995_20-31851_20-31851_HE_3,324995,1587
32718_32718_20-23318_20-23318_HE,32718,1258
332483_332483_17-24083_17-24083_HE,332483,27
346788_YY-ART_5051241_18-19829_18-19829_HE,346788,902
35953_YY-ART_1494142_20-3718_20-3718_HE,35953,3291
35953_YY-ART_1494142_20-3718_20-3718_HE 2,35953,1522
362426_YY-ART_5091214_19-30966_19-30966_HE_2,362426,639
362426_YY-ART_5091214_19-30966_19-30966_HE_3,362426,742
36764_36764_19-50474_19-50474_HE,36764,1861
36764_36764_19-50474_19-50474_HE_2,36764,1625
36764_36764_19-50474_19-50474_HE_3,36764,1456
36764_36764_19-50474_19-50474_HE_4,36764,1895
368178_368178_17-20520_17-20520_HE,368178,1659
368178_368178_17-20520_17-20520_HE_2,368178,2354
368178_368178_17-20520_17-20520_HE_3,368178,1484
371217_371217_15-23115_15-23115_HE,371217,1651
374220_374220_ 17-10695_ 17-10695_HE,374220,3149
374220_374220_ 17-10695_ 17-10695_HE_2,374220,3677
374220_374220_ 17-10695_ 17-10695_HE_3,374220,3461
4142208_YY-ART_414208_17-29253_17-29253_HE,4142208,582
480522_480522_19-29966_19-29966_HE,480522,1685
49084_YY-ART_75248_15-18826_15-18826_HE,49084,1429
491032_491032_17-38211_17-38211_HE,491032,448
49897_49897_19-41518_19-41518_HE,49897,1606
49897_49897_19-41518_19-41518_HE_2,49897,1532
49897_49897_19-41518_19-41518_HE_3,49897,2600
5005084_5005084_17-28851_17-28851_HE_2,5005084,2009
5005084_5005084_17-28851_17-28851_HE_3,5005084,1559
5012795_5012795_17-15905_17-15905_HE,5012795,1266
5012795_5012795_17-15905_17-15905_HE_2,5012795,1627
5016288_5016288_18-4837_18-4837_HE,5016288,1062
5016288_5016288_18-4837_18-4837_HE_2,5016288,849
5016288_5016288_18-4837_18-4837_HE_3,5016288,1048
5021375_5021375_19-38544_19-38544_HE,5021375,2119
5027100_5027100_17-26043_17-26043_HE_2,5027100,2748
5027100_5027100_17-26043_17-26043_HE_3,5027100,2761
5030076_5030076_20-9906_20-9906_HE,5030076,2266
5031485_5031485_17-30284_17-30284_HE,5031485,2070
5031485_5031485_17-30284_17-30284_HE_2,5031485,1819
5032109_5032109_17-35791_17-35791_HE,5032109,3200
5032109_5032109_17-35791_17-35791_HE_3,5032109,3243
5032640_YY-ART_1890971_17-17675_17-17675_HE,5032640,1271
5034688_5034688_19-19232_19-19232_HE,5034688,1867
5035644_5035644_17-32175_17-32175_HE,5035644,2863
5035644_5035644_17-32175_17-32175_HE_2,5035644,3936
5035644_5035644_17-32175_17-32175_HE_3,5035644,3644
5040218_5040218_17-41035_17-41035_HE,5040218,634
5042396_5042396_17-35246_17-35246_HE_2,5042396,1364
5042396_5042396_17-35246_17-35246_HE_3,5042396,1663
5042453_YY-ART_5242919_20-16729_20-16729_HE,5042453,2395
504856_504856_18-31829_18-31829_HE,504856,599
5057107_5057107_18-14973_18-14973_HE,5057107,2029
5057107_5057107_18-14973_18-14973_HE_2,5057107,2490
5060832_5060832_18-27883_18-27883_HE,5060832,1334
5061622_5061622_18-20909_18-20909_HE,5061622,3124
5061622_5061622_18-20909_18-20909_HE_3,5061622,3438
5070869_5070869_18-27085_18-27085_HE,5070869,1192
5070869_5070869_18-27085_18-27085_HE_2,5070869,729
5074703_5074703_18-22123_18-22123_HE,5074703,547
5078288_5078288_18-13970_18-13970_HE,5078288,515
5080201_5080201_18-26854_18-26854_HE,5080201,1638
5080201_5080201_18-26854_18-26854_HE_2,5080201,1730
5080201_5080201_18-26854_18-26854_HE_3,5080201,1740
50808_YY-ART_5186902_19-41785_19-41785_HE,50808,1262
50808_YY-ART_5186902_19-41785_19-41785_HE_2,50808,1518
5083069_5083069_18-19830_18-19830_HE_3,5083069,1423
5085567_5085567_21-932_21-932_HE,5085567,3802
5085567_5085567_21-932_21-932_HE_3,5085567,5572
5086322_5086322_18-34316_18-34316_HE,5086322,466
5087156_YY-ART_335357_16-28574_16-28574_HE,5087156,1851
5087156_YY-ART_335357_16-28574_16-28574_HE_2,5087156,1656
509260_509260_20-38900_20-38900_HE,509260,4362
509260_509260_20-38900_20-38900_HE 2,509260,4133
5095313_5095313_18-33428_18-33428_HE,5095313,3996
5095313_5095313_18-33428_18-33428_HE_2,5095313,4151
5101237_5101237_18-29788_18-29788_HE,5101237,261
5101382_5101382_18-33690_18-33690_HE,5101382,688
5102129_5102129_19-47335_19-47335_HE_2,5102129,1991
5102129_5102129_19-47335_19-47335_HE_3,5102129,2066
5103328_5103328_19-25355_19-25355_HE_2,5103328,1475
5103839_5103839_18-32314_18-32314_HE,5103839,3303
5103839_5103839_18-32314_18-32314_HE_2,5103839,2626
5103839_5103839_18-32314_18-32314_HE_3,5103839,3238
5104608_5104608_18-32700_18-32700_HE,5104608,1905
5104608_5104608_18-32700_18-32700_HE_3,5104608,2735
5106468_5106468_19-34321_19-34321_HE,5106468,2026
5106468_5106468_19-34321_19-34321_HE_2,5106468,1896
5107773_5107773_18-39687_18-39687_HE,5107773,2638
5107773_5107773_18-39687_18-39687_HE_2,5107773,3180
5110153_5110153_20-15745_20-15745_HE,5110153,761
5110616_5110616_19-23533_19-23533_HE,5110616,638
5110616_5110616_19-23533_19-23533_HE_2,5110616,825
5110616_5110616_19-23533_19-23533_HE_3,5110616,838
5111605_5111605_19-28870_19-28870_HE,5111605,1406
5116490_5116490_19-618_19-618_HE,5116490,199
51207_51207_20-17444_20-17444_HE,51207,281
5121856_5121856_18-42455_18-42455_HE,5121856,2493
5121856_5121856_18-42455_18-42455_HE_3,5121856,3514
5124589_5124589_18-49041_18-49041_HE,5124589,1009
5124589_5124589_18-49041_18-49041_HE_2,5124589,1245
5125411_5125411_19-30995_19-30995_HE,5125411,733
5125411_5125411_19-30995_19-30995_HE_2,5125411,672
51290_51290_20-10048_20-10048_HE_2,51290,1854
51290_51290_20-10048_20-10048_HE_3,51290,1614
5129340_5129340_19-9482_19-9482_HE_2,5129340,2624
5142836_YY-ART_401094_20-39679_20-39679_HE,5142836,795
5142836_YY-ART_401094_20-39679_20-39679_HE 2,5142836,1637
5142836_YY-ART_401094_20-39679_20-39679_HE 3,5142836,2187
5145028_5145028_19-9384_19-9384_HE_2,5145028,1419
5145460_5145460_19-47030_19-47030_HE,5145460,340
5147289_5147289_19-14433_19-14433_HE_2,5147289,2069
5147289_5147289_19-14433_19-14433_HE_3,5147289,2699
5151585_5151585_20-29992_20-29992_HE,5151585,781
5151585_5151585_20-29992_20-29992_HE_2,5151585,884
5156202_5156202_19-30653_19-30653_HE,5156202,1437
5156202_5156202_19-30653_19-30653_HE_2,5156202,1305
5158125_5158125_19-18249_19-18249_HE,5158125,2709
5160059_5160059_19-21451_19-21451_HE,5160059,3569
5172706_5172706_19-29967_19-29967_HE,5172706,1741
5176815_5176815_20-36738_20-36738_HE_2,5176815,2843
5178097_5178097_19-49680_19-49680_HE,5178097,2403
5181741_5181741_20-14623_20-14623_HE,5181741,889
5182230_5182230_20-4857_20-4857_HE,5182230,2785
5182230_5182230_20-4857_20-4857_HE_2,5182230,2873
5184332_5184332_19-31915_19-31915_HE,5184332,2319
5184665_5184665_20-5223_20-5223_HE,5184665,1104
5184665_5184665_20-5223_20-5223_HE_2,5184665,1726
5184665_5184665_20-5223_20-5223_HE_3,5184665,1879
5184665_5184665_20-5223_20-5223_HE_4,5184665,646
5185975_5185975_19-31840_19-31840_HE,5185975,1952
5186049_5186049_19-32281_19-32281_HE_2,5186049,1466
5186049_5186049_19-32281_19-32281_HE_3,5186049,1910
5193243_5193243_19-45479_19-45479_HE,5193243,1384
5193243_5193243_19-45479_19-45479_HE_2,5193243,1616
5193573_5193573_19-37477_19-37477_HE_2,5193573,1972
5194486_5194486_19-50469_19-50469_HE,5194486,1924
5194486_5194486_19-50469_19-50469_HE_2,5194486,1458
5195838_5195838_19-39464_19-39464_HE,5195838,3024
5195838_5195838_19-39464_19-39464_HE_2,5195838,3135
5197677_YY-ART_1798241_16-21241_16-21241_HE,5197677,2458
5199408_5199408_19-45056_19-45056_HE,5199408,806
5202015_5202015_19-50663_19-50663_HE,5202015,1012
5202968_5202968_19-42363_19-42363_HE_2,5202968,1654
5202968_5202968_19-42363_19-42363_HE_3,5202968,1540
5203017_YY-ART_5214913_20-5113_20-5113_HE,5203017,920
5205674_5205674_20-10953_20-10953_HE,5205674,2384
5205674_5205674_20-10953_20-10953_HE_2,5205674,1586
5208757_5208757_20-15475_20-15475_HE,5208757,1347
5210365_5210365_20-2341_20-2341_HE,5210365,373
5210365_5210365_20-2341_20-2341_HE_2,5210365,633
5210365_5210365_20-2341_20-2341_HE_3,5210365,584
5213796_YY-ART_5253334_20-22096_20-22096_HE,5213796,2866
5216613_5216613_21-6946_21-6946_HE,5216613,1516
5216613_5216613_21-6946_21-6946_HE 2,5216613,2933
5216613_5216613_21-6946_21-6946_HE 4,5216613,3055
5217078_5217078_19-49684_19-49684_HE,5217078,1644
5217078_5217078_19-49684_19-49684_HE_2,5217078,1007
5217078_5217078_19-49684_19-49684_HE_3,5217078,1026
5217078_5217078_19-49684_19-49684_HE_4,5217078,1025
5219904_5219904_20-42_20-42_HE,5219904,1732
5219904_5219904_20-42_20-42_HE_2,5219904,1535
5219904_5219904_20-42_20-42_HE_3,5219904,1330
5221626_5221626_20-1543_20-1543_HE,5221626,2248
5221626_5221626_20-1543_20-1543_HE_2,5221626,2895
5221626_5221626_20-1543_20-1543_HE_3,5221626,2557
5222372_5222372_20-2519_20-2519_HE,5222372,2633
5223623_5223623_20-6992_20-6992_HE,5223623,1516
5224722_5224722_20-5743_20-5743_HE,5224722,1641
5225728_5225728_20-4264_20-4264_HE,5225728,2909
5225728_5225728_20-4264_20-4264_HE_3,5225728,2493
5225728_5225728_20-4264_20-4264_HE_4,5225728,2886
5227773_5227773_20-4492_20-4492_HE,5227773,978
5227773_5227773_20-4492_20-4492_HE_2,5227773,837
5230339_5230339_20-20493_20-20493_HE,5230339,255
5230339_YY-ART_5265613_20-27437_20-27437_HE,5230339,1672
5241481_5241481_20-13309_20-13309_HE,5241481,806
524219_YY-ART_97474_18-755_18-755_HE,524219,3411
524219_YY-ART_97474_18-755_18-755_HE_2,524219,1653
5244541_5244541_20-14497_20-14497_HE,5244541,1172
5244541_5244541_20-14497_20-14497_HE_2,5244541,1216
5244541_5244541_20-14497_20-14497_HE_3,5244541,1273
5245421_YY-ART_5011487_17-31366_17-31366_HE,5245421,787
5249238_5249238_20-19117_20-19117_HE,5249238,321
5252082_5252082_20-16670_20-16670_HE,5252082,495
5252082_5252082_20-16670_20-16670_HE_2,5252082,538
5252082_5252082_20-16670_20-16670_HE_3,5252082,413
5256830_5256830_20-20428_20-20428_HE,5256830,394
5275113_5275113_20-25592_20-25592_HE,5275113,1797
5278900_5278900_20-27053_20-27053_HE,5278900,1286
5283465_5283465_20-29005_20-29005_HE,5283465,767
5283465_5283465_20-29005_20-29005_HE_2,5283465,441
5299703_5299703_20-35494_20-35494_HE,5299703,1086
5299703_5299703_20-35494_20-35494_HE_2,5299703,1030
5304244_5304244_20-37201_20-37201_HE,5304244,1415
5304244_5304244_20-37201_20-37201_HE_2,5304244,1458
5307886_5307886_20-37380_20-37380_HE,5307886,950
5307886_5307886_20-37380_20-37380_HE_2,5307886,1150
5308132_5308132_21-1000_21-1000_HE,5308132,2615
5308132_5308132_21-1000_21-1000_HE (2),5308132,3189
5310813_YY-ART_5034245_17-33134_17-33134_HE,5310813,677
5314018_5314018_20-39914_20-39914_HE 1,5314018,2319
5314018_5314018_20-39914_20-39914_HE 2,5314018,1262
5314018_5314018_20-39914_20-39914_HE 3,5314018,2463
5318469_YY-ART_5129321_19-3879_19-3879_HE,5318469,375
5318469_YY-ART_5129321_19-3879_19-3879_HE_2,5318469,555
5318469_YY-ART_5129321_19-3879_19-3879_HE_3,5318469,504
5322801_5322801_21-4302_21-4302_HE,5322801,1711
5322801_5322801_21-4302_21-4302_HE 2,5322801,1489
5338705_YY-ART_5336110_21-9884_21-9884_HE,5338705,3526
5341246_YY-ART_141840_15-9513_15-9513_HE,5341246,1272
5352209_YY-ART_1458549_15-20061_15-20061_HE,5352209,155
5352392_YY-ART_1825903_20-14533_20-14533_HE,5352392,1105
5352392_YY-ART_1825903_20-14533_20-14533_HE_2,5352392,1500
5352392_YY-ART_1825903_20-14533_20-14533_HE_3,5352392,1429
5359594_YY-ART_1800528_16-7614_16-7614_HE,5359594,3294
5371877_YY-ART_5209017_19-49645_19-49645_HE,5371877,3481
5371877_YY-ART_5209017_19-49645_19-49645_HE_2,5371877,2960
5371877_YY-ART_5209017_19-49645_19-49645_HE_3,5371877,2929
5373126_YY-ART_5205167_19-47207_19-47207_HE,5373126,569
5373126_YY-ART_5205167_19-47207_19-47207_HE_2,5373126,448
5373126_YY-ART_5205167_19-47207_19-47207_HE_3,5373126,472
5386177_YY-ART_31372_20-38665_20-38665_HE_2,5386177,1537
5386177_YY-ART_31372_20-38665_20-38665_HE_3,5386177,1479
5392800_YY-ART_5203180_19-40733_19-40733_HE,5392800,2554
5392800_YY-ART_5203180_19-40733_19-40733_HE_2,5392800,2821
5392800_YY-ART_5203180_19-40733_19-40733_HE_3,5392800,3102
5396377_YY-ART_460842_15-29138_15-29138_HE,5396377,1582
5401750_YY-ART_5044677_17-38900_17-38900_HE_2,5401750,3362
5401750_YY-ART_5044677_17-38900_17-38900_HE_3,5401750,3370
5406659_YY-ART_5293999_20-32916_20-32916_HE,5406659,670
5406659_YY-ART_5293999_20-32916_20-32916_HE_2,5406659,715
5407873_YY-ART_1566964_15-11466_15-11466_HE,5407873,3516
5407873_YY-ART_1566964_15-11466_15-11466_HE_2,5407873,3253
5419790_YY-ART_6984_16-19257_16-19257_HE,5419790,1523
5419790_YY-ART_6984_16-19257_16-19257_HE_2,5419790,1389
5425745_YY-ART_5294511_20-32776_20-32776_HE,5425745,3868
5425745_YY-ART_5294511_20-32776_20-32776_HE_2,5425745,3712
5425745_YY-ART_5294511_20-32776_20-32776_HE_3,5425745,3534
5428874_YY-ART_114807_17-29266_17-29266_HE,5428874,949
5437912_YY-ART_81510_17-26821_17-26821_HE,5437912,2943
5437912_YY-ART_81510_17-26821_17-26821_HE_2,5437912,2963
5439072_YY-ART_5225250_20-4867_20-4867_HE,5439072,2264
5439072_YY-ART_5225250_20-4867_20-4867_HE_2,5439072,2364
5439072_YY-ART_5225250_20-4867_20-4867_HE_3,5439072,2221
5447278_YY-ART_5034148_18-9233_18-9233_HE,5447278,2018
5448065_YY-ART_340215_19-21471_19-21471_HE,5448065,830
5456420_YY-ART_1938563_18-30961_18-30961_HE,5456420,873
5456985_YY-ART_15231_19-15033_19-15033_HE,5456985,502
5472213_YY-ART_1642827_19-11108_19-11108_HE,5472213,1946
5472213_YY-ART_1642827_19-11108_19-11108_HE_2,5472213,1193
5481579_YY-ART_9039574_20-2372_20-2372_HE,5481579,927
5481579_YY-ART_9039574_20-2372_20-2372_HE_3,5481579,1051
549584_549584_19-43462_19-43462_HE_2,549584,2301
549584_549584_19-43462_19-43462_HE_3,549584,2556
5528519_YY-ART_1959487_19-10043_19-10043_HE_2,5528519,1459
5528519_YY-ART_1959487_19-10043_19-10043_HE_3,5528519,1679
55380_55380_17-21477_17-21477_HE,55380,299
55380_55380_17-21477_17-21477_HE_2,55380,508
566543_566543_18-27841_18-27841_HE,566543,2939
572711_YY-ART_5288242_20-30748_20-30748_HE,572711,2469
572711_YY-ART_5288242_20-30748_20-30748_HE_2,572711,1863
572711_YY-ART_5288242_20-30748_20-30748_HE_3,572711,1224
577055_577055_20-8759_20-8759_HE,577055,1653
577055_577055_20-8759_20-8759_HE_2,577055,1458
577055_577055_20-8759_20-8759_HE_3,577055,1612
583702_583702_16-11084_16-11084_HE,583702,1662
583702_583702_16-11084_16-11084_HE_2,583702,2190
583702_583702_16-11084_16-11084_HE_3,583702,2147
62402_62402_20-7077_20-7077_HE,62402,1533
62402_62402_20-7077_20-7077_HE_2,62402,1477
62402_62402_20-7077_20-7077_HE_3,62402,1642
625931_YY-ART_5075345_18-14997_18-14997_HE_3,625931,2762
632324_YY-ART_47394_16-11509_16-11509_HE,632324,812
637346_637346_18-27643_18-27643_HE,637346,1030
678287_678287_19-38499_19-38499_HE_2,678287,1094
68594_68594_18-41661_18-41661_HE,68594,1205
68594_68594_18-41661_18-41661_HE_2,68594,1507
75951_75951_17-27982_17-27982_HE,75951,1440
75951_75951_17-27982_17-27982_HE_3,75951,1741
81839_81839_17-27417_17-27417_HE,81839,4353
81839_81839_17-27417_17-27417_HE_2,81839,3118
83034_YY-ART_1825559_17-15886_17-15886_HE,83034,1196
88450_88450_20-17443_20-17443_HE,88450,1467
88450_88450_20-17443_20-17443_HE_2,88450,1722
88450_88450_20-17443_20-17443_HE_3,88450,1413
88450_88450_20-17443_20-17443_HE_4,88450,1420
9027535_9027535_20-36384_20-36384_HE,9027535,798
9027535_9027535_20-36384_20-36384_HE_2,9027535,1569
9039577_YY-ART_1450797_17-387_17-387_HE,9039577,1227
9053784_9053784_20-23760_20-23760_HE,9053784,1731
93172_93172_18-5881_18-5881_HE,93172,2539
93172_93172_18-5881_18-5881_HE_2,93172,3777
93172_93172_18-5881_18-5881_HE_3,93172,3297
97068_97068_16-26121_16-26121_HE,97068,1027
98072_98072_17-21555_17-21555_HE,98072,1485
98072_98072_17-21555_17-21555_HE_2,98072,2052
98072_98072_17-21555_17-21555_HE_3,98072,2058
98166_98166_18-27838_18-27838_HE,98166,537
98166_98166_18-27838_18-27838_HE_3,98166,1634
9863077_9863077_20-36382_20-36382_HE,9863077,736
9863077_9863077_20-36382_20-36382_HE_2,9863077,1167
9863077_9863077_20-36382_20-36382_HE_3,9863077,1180
99153_YY-ART_5048233_18-38531_18-38531_HE-002,99153,3910
99153_YY-ART_5048233_18-38531_18-38531_HE_2,99153,1786
99153_YY-ART_5048233_18-38531_18-38531_HE_3,99153,1962
